"primaryName","startYear","weightedRating"
"Cat Santarosa","2010",9.68935281837161
"Cat Santarosa","2011",9.74230243368882
"Cat Santarosa","2012",9.77830229536596
"Cat Santarosa","2013",9.78984802431611
"Cat Santarosa","2014",9.79027725028485
