"primaryName","startYear","weightedRating"
"Lewis Lovhaug","2008",7.80615384615385
"Lewis Lovhaug","2009",7.55377358490566
"Lewis Lovhaug","2010",8.18976109215017
"Lewis Lovhaug","2011",7.77906976744186
"Lewis Lovhaug","2012",7.90045248868778
"Lewis Lovhaug","2013",7.96184210526316
"Lewis Lovhaug","2014",8.25103448275862
"Lewis Lovhaug","2015",8.21714285714286
"Lewis Lovhaug","2016",7.19076923076923
"Lewis Lovhaug","2017",7.41973684210526
"Lewis Lovhaug","2018",7.16666666666667
