"primaryName","startYear","weightedRating"
"Mike Matei","2009",7.4
"Mike Matei","2012",6.96811594202899
"Mike Matei","2013",7.17544642857143
"Mike Matei","2014",7.08401598401598
"Mike Matei","2015",7.33767313019391
"Mike Matei","2016",7.23961988304093
"Mike Matei","2017",7.46268115942029
"Mike Matei","2018",7.3603550295858
"Mike Matei","2019",7.36756032171582
"Mike Matei","2020",7.38248587570622
