"primaryName","startYear","weightedRating"
"Sergey A.","2005",8.23873873873874
"Sergey A.","2006",9.7
"Sergey A.","2009",8.62536443148688
"Sergey A.","2012",8.5
"Sergey A.","2013",7.80454545454545
"Sergey A.","2014",8.13217455621302
"Sergey A.","2015",8.24241610738255
"Sergey A.","2016",8.55078318219291
"Sergey A.","2017",8.29663865546219
"Sergey A.","2018",8.29448275862069
"Sergey A.","2019",8.6288490284006
"Sergey A.","2020",8.99188811188811
"Sergey A.","2021",8.73684210526316
